persona_id,source_workbook,session_id,truth_label,truth_binary,predicted_label,predicted_binary,label_match,error,truth_is_eligible,truth_is_ineligible,truth_is_manual_review,truth_is_insufficient_information,pred_is_eligible,pred_is_ineligible,pred_is_manual_review,pred_is_insufficient_information,truth_q1,truth_q1_label,pred_q1,pred_q1_code,match_q1,truth_q2,truth_q2_label,pred_q2,pred_q2_code,match_q2,truth_q3,truth_q3_label,pred_q3,pred_q3_code,match_q3,truth_q4,truth_q4_label,pred_q4,pred_q4_code,match_q4,truth_q5,truth_q5_label,pred_q5,pred_q5_code,match_q5,truth_q6,truth_q6_label,pred_q6,pred_q6_code,match_q6,truth_q7,truth_q7_label,pred_q7,pred_q7_code,match_q7,truth_q8,truth_q8_label,pred_q8,pred_q8_code,match_q8
F001,original_style_short_f,eval_F001_14759a6e,ineligible,0.0,ineligible,0.0,True,,0,1,0,0,0,1,0,0,0,ineligible,ineligible,0,1,1,eligible,ineligible,0,0,1,eligible,ineligible,0,0,1,eligible,ineligible,0,0,1,eligible,ineligible,0,0,1,eligible,ineligible,0,0,1,eligible,ineligible,0,0,1,eligible,ineligible,0,0
F002,original_style_short_f,eval_F002_8a4cfdde,ineligible,0.0,ineligible,0.0,True,,0,1,0,0,0,1,0,0,0,ineligible,ineligible,0,1,1,eligible,ineligible,0,0,1,eligible,ineligible,0,0,1,eligible,ineligible,0,0,1,eligible,ineligible,0,0,1,eligible,ineligible,0,0,1,eligible,ineligible,0,0,1,eligible,ineligible,0,0
F003,original_style_short_f,eval_F003_7923f9cd,ineligible,0.0,ineligible,0.0,True,,0,1,0,0,0,1,0,0,0,ineligible,ineligible,0,1,1,eligible,ineligible,0,0,1,eligible,ineligible,0,0,1,eligible,ineligible,0,0,1,eligible,ineligible,0,0,1,eligible,ineligible,0,0,1,eligible,ineligible,0,0,1,eligible,ineligible,0,0
F004,original_style_short_f,eval_F004_43073169,ineligible,0.0,ineligible,0.0,True,,0,1,0,0,0,1,0,0,0,ineligible,ineligible,0,1,1,eligible,ineligible,0,0,1,eligible,ineligible,0,0,1,eligible,ineligible,0,0,1,eligible,ineligible,0,0,1,eligible,ineligible,0,0,1,eligible,ineligible,0,0,1,eligible,ineligible,0,0
F005,original_style_short_f,eval_F005_75d38d9b,ineligible,0.0,ineligible,0.0,True,,0,1,0,0,0,1,0,0,0,ineligible,ineligible,0,1,1,eligible,ineligible,0,0,1,eligible,ineligible,0,0,1,eligible,ineligible,0,0,1,eligible,ineligible,0,0,1,eligible,ineligible,0,0,1,eligible,ineligible,0,0,1,eligible,ineligible,0,0
F006,original_style_short_f,eval_F006_d827dbfc,ineligible,0.0,ineligible,0.0,True,,0,1,0,0,0,1,0,0,1,eligible,ineligible,0,0,1,eligible,ineligible,0,0,0,ineligible,ineligible,0,1,1,eligible,ineligible,0,0,1,eligible,ineligible,0,0,1,eligible,ineligible,0,0,1,eligible,ineligible,0,0,1,eligible,ineligible,0,0
F007,original_style_short_f,eval_F007_d6352f0e,ineligible,0.0,ineligible,0.0,True,,0,1,0,0,0,1,0,0,1,eligible,ineligible,0,0,1,eligible,ineligible,0,0,0,ineligible,ineligible,0,1,1,eligible,ineligible,0,0,1,eligible,ineligible,0,0,1,eligible,ineligible,0,0,1,eligible,ineligible,0,0,1,eligible,ineligible,0,0
F008,original_style_short_f,eval_F008_0a603fdf,ineligible,0.0,ineligible,0.0,True,,0,1,0,0,0,1,0,0,1,eligible,ineligible,0,0,1,eligible,ineligible,0,0,0,ineligible,ineligible,0,1,1,eligible,ineligible,0,0,1,eligible,ineligible,0,0,1,eligible,ineligible,0,0,1,eligible,ineligible,0,0,1,eligible,ineligible,0,0
F009,original_style_short_f,eval_F009_cadaf957,ineligible,0.0,ineligible,0.0,True,,0,1,0,0,0,1,0,0,1,eligible,ineligible,0,0,1,eligible,ineligible,0,0,0,ineligible,ineligible,0,1,1,eligible,ineligible,0,0,1,eligible,ineligible,0,0,1,eligible,ineligible,0,0,1,eligible,ineligible,0,0,1,eligible,ineligible,0,0
F010,original_style_short_f,eval_F010_3889db6a,ineligible,0.0,ineligible,0.0,True,,0,1,0,0,0,1,0,0,1,eligible,ineligible,0,0,1,eligible,ineligible,0,0,0,ineligible,ineligible,0,1,1,eligible,ineligible,0,0,1,eligible,ineligible,0,0,1,eligible,ineligible,0,0,1,eligible,ineligible,0,0,1,eligible,ineligible,0,0
F011,original_style_short_f,eval_F011_e7e9a004,ineligible,0.0,insufficient_information,,False,,0,1,0,0,0,0,0,1,1,eligible,insufficient_information,2,0,1,eligible,insufficient_information,2,0,1,eligible,insufficient_information,2,0,0,ineligible,ineligible,0,1,1,eligible,insufficient_information,2,0,1,eligible,ineligible,0,0,1,eligible,ineligible,0,0,1,eligible,insufficient_information,2,0
F012,original_style_short_f,eval_F012_f35a4852,ineligible,0.0,ineligible,0.0,True,,0,1,0,0,0,1,0,0,1,eligible,insufficient_information,2,0,1,eligible,insufficient_information,2,0,1,eligible,insufficient_information,2,0,0,ineligible,ineligible,0,1,1,eligible,ineligible,0,0,1,eligible,ineligible,0,0,1,eligible,ineligible,0,0,1,eligible,ineligible,0,0
F013,original_style_short_f,eval_F013_69a0460c,ineligible,0.0,ineligible,0.0,True,,0,1,0,0,0,1,0,0,1,eligible,ineligible,0,0,1,eligible,ineligible,0,0,1,eligible,ineligible,0,0,0,ineligible,ineligible,0,1,1,eligible,ineligible,0,0,1,eligible,ineligible,0,0,1,eligible,ineligible,0,0,1,eligible,ineligible,0,0
F014,original_style_short_f,eval_F014_e9feb06c,ineligible,0.0,ineligible,0.0,True,,0,1,0,0,0,1,0,0,1,eligible,ineligible,0,0,1,eligible,ineligible,0,0,1,eligible,ineligible,0,0,0,ineligible,ineligible,0,1,1,eligible,ineligible,0,0,1,eligible,ineligible,0,0,1,eligible,ineligible,0,0,1,eligible,ineligible,0,0
F015,original_style_short_f,eval_F015_20a141ae,ineligible,0.0,manual_review,,False,,0,1,0,0,0,0,1,0,1,eligible,insufficient_information,2,0,1,eligible,insufficient_information,2,0,1,eligible,insufficient_information,2,0,0,ineligible,insufficient_information,2,0,1,eligible,insufficient_information,2,0,1,eligible,insufficient_information,2,0,1,eligible,insufficient_information,2,0,1,eligible,manual_review,3,0
F016,original_style_short_f,eval_F016_f9adb736,ineligible,0.0,ineligible,0.0,True,,0,1,0,0,0,1,0,0,1,eligible,insufficient_information,2,0,1,eligible,insufficient_information,2,0,1,eligible,insufficient_information,2,0,1,eligible,insufficient_information,2,0,0,ineligible,ineligible,0,1,1,eligible,ineligible,0,0,1,eligible,ineligible,0,0,1,eligible,ineligible,0,0
F017,original_style_short_f,eval_F017_d9ee2755,ineligible,0.0,ineligible,0.0,True,,0,1,0,0,0,1,0,0,1,eligible,ineligible,0,0,1,eligible,ineligible,0,0,1,eligible,ineligible,0,0,1,eligible,ineligible,0,0,0,ineligible,ineligible,0,1,1,eligible,ineligible,0,0,1,eligible,ineligible,0,0,1,eligible,ineligible,0,0
F018,original_style_short_f,eval_F018_48aa3e1d,ineligible,0.0,ineligible,0.0,True,,0,1,0,0,0,1,0,0,1,eligible,insufficient_information,2,0,1,eligible,insufficient_information,2,0,1,eligible,insufficient_information,2,0,1,eligible,insufficient_information,2,0,0,ineligible,ineligible,0,1,1,eligible,ineligible,0,0,1,eligible,ineligible,0,0,1,eligible,ineligible,0,0
F019,original_style_short_f,eval_F019_41d32beb,ineligible,0.0,ineligible,0.0,True,,0,1,0,0,0,1,0,0,1,eligible,ineligible,0,0,1,eligible,ineligible,0,0,1,eligible,ineligible,0,0,1,eligible,ineligible,0,0,1,eligible,ineligible,0,0,0,ineligible,ineligible,0,1,1,eligible,ineligible,0,0,1,eligible,ineligible,0,0
F020,original_style_short_f,eval_F020_c9c8c151,ineligible,0.0,manual_review,,False,,0,1,0,0,0,0,1,0,1,eligible,manual_review,3,0,1,eligible,manual_review,3,0,1,eligible,manual_review,3,0,1,eligible,manual_review,3,0,1,eligible,manual_review,3,0,0,ineligible,manual_review,3,0,1,eligible,manual_review,3,0,1,eligible,manual_review,3,0
F021,original_style_short_f,eval_F021_c30a8bf0,ineligible,0.0,manual_review,,False,,0,1,0,0,0,0,1,0,1,eligible,insufficient_information,2,0,1,eligible,insufficient_information,2,0,1,eligible,insufficient_information,2,0,1,eligible,insufficient_information,2,0,1,eligible,insufficient_information,2,0,0,ineligible,insufficient_information,2,0,1,eligible,manual_review,3,0,1,eligible,manual_review,3,0
F022,original_style_short_f,eval_F022_50298dcb,ineligible,0.0,ineligible,0.0,True,,0,1,0,0,0,1,0,0,1,eligible,ineligible,0,0,1,eligible,ineligible,0,0,1,eligible,ineligible,0,0,1,eligible,ineligible,0,0,1,eligible,ineligible,0,0,0,ineligible,ineligible,0,1,1,eligible,ineligible,0,0,1,eligible,ineligible,0,0
F023,original_style_short_f,eval_F023_4c55b597,ineligible,0.0,ineligible,0.0,True,,0,1,0,0,0,1,0,0,1,eligible,ineligible,0,0,1,eligible,ineligible,0,0,1,eligible,ineligible,0,0,1,eligible,ineligible,0,0,1,eligible,ineligible,0,0,0,ineligible,ineligible,0,1,1,eligible,ineligible,0,0,1,eligible,ineligible,0,0
F024,original_style_short_f,eval_F024_313c508a,ineligible,0.0,insufficient_information,,False,,0,1,0,0,0,0,0,1,1,eligible,insufficient_information,2,0,1,eligible,insufficient_information,2,0,1,eligible,insufficient_information,2,0,1,eligible,insufficient_information,2,0,1,eligible,insufficient_information,2,0,1,eligible,insufficient_information,2,0,0,ineligible,insufficient_information,2,0,1,eligible,insufficient_information,2,0
F025,original_style_short_f,eval_F025_356d22e2,ineligible,0.0,manual_review,,False,,0,1,0,0,0,0,1,0,1,eligible,insufficient_information,2,0,1,eligible,insufficient_information,2,0,1,eligible,insufficient_information,2,0,1,eligible,insufficient_information,2,0,1,eligible,eligible,1,1,1,eligible,insufficient_information,2,0,0,ineligible,insufficient_information,2,0,1,eligible,manual_review,3,0
F026,original_style_short_f,eval_F026_0e8e9101,ineligible,0.0,eligible,1.0,False,,0,1,0,0,1,0,0,0,1,eligible,insufficient_information,2,0,1,eligible,insufficient_information,2,0,1,eligible,insufficient_information,2,0,1,eligible,insufficient_information,2,0,1,eligible,insufficient_information,2,0,1,eligible,insufficient_information,2,0,0,ineligible,insufficient_information,2,0,1,eligible,eligible,1,1
F027,original_style_short_f,eval_F027_b042ce3a,ineligible,0.0,ineligible,0.0,True,,0,1,0,0,0,1,0,0,1,eligible,insufficient_information,2,0,1,eligible,insufficient_information,2,0,1,eligible,insufficient_information,2,0,1,eligible,insufficient_information,2,0,1,eligible,eligible,1,1,1,eligible,eligible,1,1,1,eligible,insufficient_information,2,0,0,ineligible,ineligible,0,1
F028,original_style_short_f,eval_F028_16d70dd3,ineligible,0.0,ineligible,0.0,True,,0,1,0,0,0,1,0,0,1,eligible,insufficient_information,2,0,1,eligible,insufficient_information,2,0,1,eligible,insufficient_information,2,0,1,eligible,insufficient_information,2,0,1,eligible,insufficient_information,2,0,1,eligible,insufficient_information,2,0,1,eligible,insufficient_information,2,0,0,ineligible,ineligible,0,1
F029,original_style_short_f,eval_F029_f9e48273,ineligible,0.0,ineligible,0.0,True,,0,1,0,0,0,1,0,0,1,eligible,insufficient_information,2,0,1,eligible,ineligible,0,0,1,eligible,ineligible,0,0,1,eligible,ineligible,0,0,1,eligible,ineligible,0,0,1,eligible,ineligible,0,0,1,eligible,ineligible,0,0,0,ineligible,ineligible,0,1
F030,original_style_short_f,eval_F030_da997a0b,ineligible,0.0,ineligible,0.0,True,,0,1,0,0,0,1,0,0,1,eligible,ineligible,0,0,1,eligible,ineligible,0,0,1,eligible,ineligible,0,0,0,ineligible,ineligible,0,1,1,eligible,ineligible,0,0,1,eligible,ineligible,0,0,1,eligible,ineligible,0,0,1,eligible,ineligible,0,0
F031,original_style_short_f,eval_F031_5037ef32,eligible,1.0,eligible,1.0,True,,1,0,0,0,1,0,0,0,1,eligible,insufficient_information,2,0,1,eligible,insufficient_information,2,0,1,eligible,insufficient_information,2,0,1,eligible,insufficient_information,2,0,1,eligible,eligible,1,1,1,eligible,insufficient_information,2,0,1,eligible,eligible,1,1,1,eligible,eligible,1,1
F032,original_style_short_f,eval_F032_5d7dfec5,eligible,1.0,eligible,1.0,True,,1,0,0,0,1,0,0,0,1,eligible,insufficient_information,2,0,1,eligible,insufficient_information,2,0,1,eligible,insufficient_information,2,0,1,eligible,insufficient_information,2,0,1,eligible,insufficient_information,2,0,1,eligible,insufficient_information,2,0,1,eligible,eligible,1,1,1,eligible,eligible,1,1
F033,original_style_short_f,eval_F033_1e0c503c,eligible,1.0,eligible,1.0,True,,1,0,0,0,1,0,0,0,1,eligible,insufficient_information,2,0,1,eligible,insufficient_information,2,0,1,eligible,insufficient_information,2,0,1,eligible,insufficient_information,2,0,1,eligible,insufficient_information,2,0,1,eligible,insufficient_information,2,0,1,eligible,eligible,1,1,1,eligible,eligible,1,1
F034,original_style_short_f,eval_F034_36c74741,eligible,1.0,eligible,1.0,True,,1,0,0,0,1,0,0,0,1,eligible,insufficient_information,2,0,1,eligible,insufficient_information,2,0,1,eligible,insufficient_information,2,0,1,eligible,insufficient_information,2,0,1,eligible,insufficient_information,2,0,1,eligible,eligible,1,1,1,eligible,eligible,1,1,1,eligible,eligible,1,1
F035,original_style_short_f,eval_F035_74ebd058,eligible,1.0,eligible,1.0,True,,1,0,0,0,1,0,0,0,1,eligible,insufficient_information,2,0,1,eligible,insufficient_information,2,0,1,eligible,insufficient_information,2,0,1,eligible,insufficient_information,2,0,1,eligible,eligible,1,1,1,eligible,eligible,1,1,1,eligible,eligible,1,1,1,eligible,eligible,1,1
F036,original_style_short_f,eval_F036_b9e28c4b,eligible,1.0,ineligible,0.0,False,,1,0,0,0,0,1,0,0,1,eligible,insufficient_information,2,0,1,eligible,insufficient_information,2,0,1,eligible,insufficient_information,2,0,1,eligible,ineligible,0,0,1,eligible,ineligible,0,0,1,eligible,ineligible,0,0,1,eligible,ineligible,0,0,1,eligible,ineligible,0,0
F037,original_style_short_f,eval_F037_dd86f760,eligible,1.0,ineligible,0.0,False,,1,0,0,0,0,1,0,0,1,eligible,insufficient_information,2,0,1,eligible,insufficient_information,2,0,1,eligible,insufficient_information,2,0,1,eligible,ineligible,0,0,1,eligible,ineligible,0,0,1,eligible,ineligible,0,0,1,eligible,ineligible,0,0,1,eligible,ineligible,0,0
F038,original_style_short_f,eval_F038_fac07865,eligible,1.0,manual_review,,False,,1,0,0,0,0,0,1,0,1,eligible,insufficient_information,2,0,1,eligible,insufficient_information,2,0,1,eligible,insufficient_information,2,0,1,eligible,insufficient_information,2,0,1,eligible,eligible,1,1,1,eligible,manual_review,3,0,1,eligible,manual_review,3,0,1,eligible,manual_review,3,0
F039,original_style_short_f,eval_F039_fcfa2e43,eligible,1.0,ineligible,0.0,False,,1,0,0,0,0,1,0,0,1,eligible,ineligible,0,0,1,eligible,ineligible,0,0,1,eligible,ineligible,0,0,1,eligible,ineligible,0,0,1,eligible,ineligible,0,0,1,eligible,ineligible,0,0,1,eligible,ineligible,0,0,1,eligible,ineligible,0,0
F040,original_style_short_f,eval_F040_b0ef4a2f,eligible,1.0,eligible,1.0,True,,1,0,0,0,1,0,0,0,1,eligible,insufficient_information,2,0,1,eligible,insufficient_information,2,0,1,eligible,insufficient_information,2,0,1,eligible,insufficient_information,2,0,1,eligible,eligible,1,1,1,eligible,eligible,1,1,1,eligible,eligible,1,1,1,eligible,eligible,1,1
F041,original_style_short_f,eval_F041_7cfeb076,eligible,1.0,manual_review,,False,,1,0,0,0,0,0,1,0,1,eligible,insufficient_information,2,0,1,eligible,insufficient_information,2,0,1,eligible,insufficient_information,2,0,1,eligible,insufficient_information,2,0,1,eligible,insufficient_information,2,0,1,eligible,insufficient_information,2,0,1,eligible,manual_review,3,0,1,eligible,manual_review,3,0
F042,original_style_short_f,eval_F042_23f83e3a,eligible,1.0,eligible,1.0,True,,1,0,0,0,1,0,0,0,1,eligible,insufficient_information,2,0,1,eligible,insufficient_information,2,0,1,eligible,insufficient_information,2,0,1,eligible,insufficient_information,2,0,1,eligible,insufficient_information,2,0,1,eligible,eligible,1,1,1,eligible,eligible,1,1,1,eligible,eligible,1,1
F043,original_style_short_f,eval_F043_6c628142,eligible,1.0,manual_review,,False,,1,0,0,0,0,0,1,0,1,eligible,insufficient_information,2,0,1,eligible,insufficient_information,2,0,1,eligible,insufficient_information,2,0,1,eligible,manual_review,3,0,1,eligible,manual_review,3,0,1,eligible,manual_review,3,0,1,eligible,manual_review,3,0,1,eligible,manual_review,3,0
F044,original_style_short_f,eval_F044_506674af,eligible,1.0,eligible,1.0,True,,1,0,0,0,1,0,0,0,1,eligible,insufficient_information,2,0,1,eligible,insufficient_information,2,0,1,eligible,insufficient_information,2,0,1,eligible,insufficient_information,2,0,1,eligible,insufficient_information,2,0,1,eligible,eligible,1,1,1,eligible,eligible,1,1,1,eligible,eligible,1,1
F045,original_style_short_f,eval_F045_721194c2,eligible,1.0,eligible,1.0,True,,1,0,0,0,1,0,0,0,1,eligible,insufficient_information,2,0,1,eligible,insufficient_information,2,0,1,eligible,insufficient_information,2,0,1,eligible,insufficient_information,2,0,1,eligible,insufficient_information,2,0,1,eligible,insufficient_information,2,0,1,eligible,eligible,1,1,1,eligible,eligible,1,1
F046,original_style_short_f,eval_F046_25cd248d,eligible,1.0,eligible,1.0,True,,1,0,0,0,1,0,0,0,1,eligible,insufficient_information,2,0,1,eligible,insufficient_information,2,0,1,eligible,insufficient_information,2,0,1,eligible,insufficient_information,2,0,1,eligible,insufficient_information,2,0,1,eligible,eligible,1,1,1,eligible,eligible,1,1,1,eligible,eligible,1,1
F047,original_style_short_f,eval_F047_5affd7eb,eligible,1.0,eligible,1.0,True,,1,0,0,0,1,0,0,0,1,eligible,insufficient_information,2,0,1,eligible,insufficient_information,2,0,1,eligible,insufficient_information,2,0,1,eligible,insufficient_information,2,0,1,eligible,insufficient_information,2,0,1,eligible,eligible,1,1,1,eligible,eligible,1,1,1,eligible,eligible,1,1
F048,original_style_short_f,eval_F048_11c0c682,eligible,1.0,eligible,1.0,True,,1,0,0,0,1,0,0,0,1,eligible,insufficient_information,2,0,1,eligible,insufficient_information,2,0,1,eligible,insufficient_information,2,0,1,eligible,insufficient_information,2,0,1,eligible,eligible,1,1,1,eligible,insufficient_information,2,0,1,eligible,eligible,1,1,1,eligible,eligible,1,1
F049,original_style_short_f,eval_F049_963e1ef4,eligible,1.0,eligible,1.0,True,,1,0,0,0,1,0,0,0,1,eligible,insufficient_information,2,0,1,eligible,insufficient_information,2,0,1,eligible,insufficient_information,2,0,1,eligible,insufficient_information,2,0,1,eligible,eligible,1,1,1,eligible,eligible,1,1,1,eligible,eligible,1,1,1,eligible,eligible,1,1
F050,original_style_short_f,eval_F050_75657368,eligible,1.0,eligible,1.0,True,,1,0,0,0,1,0,0,0,1,eligible,insufficient_information,2,0,1,eligible,insufficient_information,2,0,1,eligible,insufficient_information,2,0,1,eligible,insufficient_information,2,0,1,eligible,eligible,1,1,1,eligible,eligible,1,1,1,eligible,eligible,1,1,1,eligible,eligible,1,1
F051,original_style_short_f,eval_F051_9c964565,eligible,1.0,insufficient_information,,False,,1,0,0,0,0,0,0,1,1,eligible,insufficient_information,2,0,1,eligible,insufficient_information,2,0,1,eligible,insufficient_information,2,0,1,eligible,insufficient_information,2,0,1,eligible,eligible,1,1,1,eligible,eligible,1,1,1,eligible,insufficient_information,2,0,1,eligible,insufficient_information,2,0
F052,original_style_short_f,eval_F052_85750577,eligible,1.0,eligible,1.0,True,,1,0,0,0,1,0,0,0,1,eligible,insufficient_information,2,0,1,eligible,insufficient_information,2,0,1,eligible,insufficient_information,2,0,1,eligible,insufficient_information,2,0,1,eligible,insufficient_information,2,0,1,eligible,eligible,1,1,1,eligible,eligible,1,1,1,eligible,eligible,1,1
F053,original_style_short_f,eval_F053_ac46ac56,eligible,1.0,manual_review,,False,,1,0,0,0,0,0,1,0,1,eligible,insufficient_information,2,0,1,eligible,insufficient_information,2,0,1,eligible,insufficient_information,2,0,1,eligible,insufficient_information,2,0,1,eligible,insufficient_information,2,0,1,eligible,insufficient_information,2,0,1,eligible,insufficient_information,2,0,1,eligible,manual_review,3,0
F054,original_style_short_f,eval_F054_204da51c,eligible,1.0,eligible,1.0,True,,1,0,0,0,1,0,0,0,1,eligible,insufficient_information,2,0,1,eligible,insufficient_information,2,0,1,eligible,insufficient_information,2,0,1,eligible,insufficient_information,2,0,1,eligible,insufficient_information,2,0,1,eligible,eligible,1,1,1,eligible,eligible,1,1,1,eligible,eligible,1,1
F055,original_style_short_f,eval_F055_db48dbde,eligible,1.0,eligible,1.0,True,,1,0,0,0,1,0,0,0,1,eligible,insufficient_information,2,0,1,eligible,insufficient_information,2,0,1,eligible,insufficient_information,2,0,1,eligible,insufficient_information,2,0,1,eligible,insufficient_information,2,0,1,eligible,insufficient_information,2,0,1,eligible,eligible,1,1,1,eligible,eligible,1,1
F056,original_style_short_f,eval_F056_aab6b468,eligible,1.0,eligible,1.0,True,,1,0,0,0,1,0,0,0,1,eligible,insufficient_information,2,0,1,eligible,insufficient_information,2,0,1,eligible,insufficient_information,2,0,1,eligible,insufficient_information,2,0,1,eligible,eligible,1,1,1,eligible,eligible,1,1,1,eligible,eligible,1,1,1,eligible,eligible,1,1
F057,original_style_short_f,eval_F057_8de3656d,eligible,1.0,eligible,1.0,True,,1,0,0,0,1,0,0,0,1,eligible,insufficient_information,2,0,1,eligible,insufficient_information,2,0,1,eligible,insufficient_information,2,0,1,eligible,insufficient_information,2,0,1,eligible,insufficient_information,2,0,1,eligible,eligible,1,1,1,eligible,eligible,1,1,1,eligible,eligible,1,1
F058,original_style_short_f,eval_F058_db27e7b1,eligible,1.0,eligible,1.0,True,,1,0,0,0,1,0,0,0,1,eligible,insufficient_information,2,0,1,eligible,insufficient_information,2,0,1,eligible,insufficient_information,2,0,1,eligible,insufficient_information,2,0,1,eligible,insufficient_information,2,0,1,eligible,eligible,1,1,1,eligible,eligible,1,1,1,eligible,eligible,1,1
F059,original_style_short_f,eval_F059_ed7e8bbb,eligible,1.0,manual_review,,False,,1,0,0,0,0,0,1,0,1,eligible,manual_review,3,0,1,eligible,manual_review,3,0,1,eligible,manual_review,3,0,1,eligible,manual_review,3,0,1,eligible,manual_review,3,0,1,eligible,manual_review,3,0,1,eligible,manual_review,3,0,1,eligible,manual_review,3,0
F060,original_style_short_f,eval_F060_da6d3e52,eligible,1.0,eligible,1.0,True,,1,0,0,0,1,0,0,0,1,eligible,insufficient_information,2,0,1,eligible,insufficient_information,2,0,1,eligible,insufficient_information,2,0,1,eligible,insufficient_information,2,0,1,eligible,insufficient_information,2,0,1,eligible,eligible,1,1,1,eligible,insufficient_information,2,0,1,eligible,eligible,1,1
F061,original_style_short_f,eval_F061_e85078e6,insufficient_information,,manual_review,,False,,0,0,0,1,0,0,1,0,2,insufficient_information,insufficient_information,2,1,2,insufficient_information,insufficient_information,2,1,2,insufficient_information,insufficient_information,2,1,2,insufficient_information,insufficient_information,2,1,2,insufficient_information,insufficient_information,2,1,2,insufficient_information,insufficient_information,2,1,2,insufficient_information,insufficient_information,2,1,2,insufficient_information,manual_review,3,0
F062,original_style_short_f,eval_F062_66664c46,insufficient_information,,manual_review,,False,,0,0,0,1,0,0,1,0,2,insufficient_information,insufficient_information,2,1,2,insufficient_information,insufficient_information,2,1,2,insufficient_information,insufficient_information,2,1,2,insufficient_information,insufficient_information,2,1,2,insufficient_information,insufficient_information,2,1,2,insufficient_information,insufficient_information,2,1,2,insufficient_information,manual_review,3,0,2,insufficient_information,manual_review,3,0
F063,original_style_short_f,eval_F063_74243875,insufficient_information,,insufficient_information,,True,,0,0,0,1,0,0,0,1,2,insufficient_information,insufficient_information,2,1,2,insufficient_information,insufficient_information,2,1,2,insufficient_information,insufficient_information,2,1,2,insufficient_information,insufficient_information,2,1,2,insufficient_information,insufficient_information,2,1,2,insufficient_information,insufficient_information,2,1,2,insufficient_information,insufficient_information,2,1,2,insufficient_information,insufficient_information,2,1
F064,original_style_short_f,eval_F064_d3b5fe0d,insufficient_information,,insufficient_information,,True,,0,0,0,1,0,0,0,1,2,insufficient_information,insufficient_information,2,1,2,insufficient_information,insufficient_information,2,1,2,insufficient_information,insufficient_information,2,1,2,insufficient_information,insufficient_information,2,1,2,insufficient_information,insufficient_information,2,1,2,insufficient_information,insufficient_information,2,1,2,insufficient_information,insufficient_information,2,1,2,insufficient_information,insufficient_information,2,1
F065,original_style_short_f,eval_F065_9469e2bb,insufficient_information,,manual_review,,False,,0,0,0,1,0,0,1,0,2,insufficient_information,insufficient_information,2,1,2,insufficient_information,insufficient_information,2,1,2,insufficient_information,insufficient_information,2,1,2,insufficient_information,insufficient_information,2,1,2,insufficient_information,manual_review,3,0,2,insufficient_information,manual_review,3,0,2,insufficient_information,manual_review,3,0,2,insufficient_information,manual_review,3,0
F066,original_style_short_f,eval_F066_0e1d52ea,insufficient_information,,manual_review,,False,,0,0,0,1,0,0,1,0,2,insufficient_information,insufficient_information,2,1,2,insufficient_information,insufficient_information,2,1,2,insufficient_information,insufficient_information,2,1,2,insufficient_information,insufficient_information,2,1,2,insufficient_information,manual_review,3,0,2,insufficient_information,manual_review,3,0,2,insufficient_information,manual_review,3,0,2,insufficient_information,manual_review,3,0
F067,original_style_short_f,eval_F067_c7502e2e,insufficient_information,,insufficient_information,,True,,0,0,0,1,0,0,0,1,2,insufficient_information,insufficient_information,2,1,2,insufficient_information,insufficient_information,2,1,2,insufficient_information,insufficient_information,2,1,2,insufficient_information,insufficient_information,2,1,2,insufficient_information,insufficient_information,2,1,2,insufficient_information,insufficient_information,2,1,2,insufficient_information,insufficient_information,2,1,2,insufficient_information,insufficient_information,2,1
F068,original_style_short_f,eval_F068_3f0f9269,insufficient_information,,insufficient_information,,True,turn q4 failed: The read operation timed out,0,0,0,1,0,0,0,1,2,insufficient_information,insufficient_information,2,1,2,insufficient_information,insufficient_information,2,1,2,insufficient_information,insufficient_information,2,1,2,insufficient_information,,,,2,insufficient_information,,,,2,insufficient_information,,,,2,insufficient_information,,,,2,insufficient_information,,,
F069,original_style_short_f,eval_F069_993853bc,insufficient_information,,insufficient_information,,True,,0,0,0,1,0,0,0,1,2,insufficient_information,insufficient_information,2,1,2,insufficient_information,insufficient_information,2,1,2,insufficient_information,insufficient_information,2,1,2,insufficient_information,insufficient_information,2,1,2,insufficient_information,insufficient_information,2,1,2,insufficient_information,insufficient_information,2,1,2,insufficient_information,insufficient_information,2,1,2,insufficient_information,insufficient_information,2,1
F070,original_style_short_f,eval_F070_5bfffd66,insufficient_information,,manual_review,,False,,0,0,0,1,0,0,1,0,2,insufficient_information,insufficient_information,2,1,2,insufficient_information,insufficient_information,2,1,2,insufficient_information,insufficient_information,2,1,2,insufficient_information,insufficient_information,2,1,2,insufficient_information,insufficient_information,2,1,2,insufficient_information,insufficient_information,2,1,2,insufficient_information,insufficient_information,2,1,2,insufficient_information,manual_review,3,0
F071,original_style_short_f,eval_F071_104823bc,insufficient_information,,manual_review,,False,,0,0,0,1,0,0,1,0,2,insufficient_information,insufficient_information,2,1,2,insufficient_information,insufficient_information,2,1,2,insufficient_information,insufficient_information,2,1,2,insufficient_information,insufficient_information,2,1,2,insufficient_information,insufficient_information,2,1,2,insufficient_information,insufficient_information,2,1,2,insufficient_information,insufficient_information,2,1,2,insufficient_information,manual_review,3,0
F072,original_style_short_f,eval_F072_1557b28f,insufficient_information,,manual_review,,False,,0,0,0,1,0,0,1,0,2,insufficient_information,insufficient_information,2,1,2,insufficient_information,insufficient_information,2,1,2,insufficient_information,insufficient_information,2,1,2,insufficient_information,insufficient_information,2,1,2,insufficient_information,insufficient_information,2,1,2,insufficient_information,insufficient_information,2,1,2,insufficient_information,manual_review,3,0,2,insufficient_information,manual_review,3,0
F073,original_style_short_f,eval_F073_217a4f1d,insufficient_information,,manual_review,,False,,0,0,0,1,0,0,1,0,2,insufficient_information,insufficient_information,2,1,2,insufficient_information,insufficient_information,2,1,2,insufficient_information,insufficient_information,2,1,2,insufficient_information,insufficient_information,2,1,2,insufficient_information,manual_review,3,0,2,insufficient_information,manual_review,3,0,2,insufficient_information,manual_review,3,0,2,insufficient_information,manual_review,3,0
F074,original_style_short_f,eval_F074_6ad8d01b,insufficient_information,,insufficient_information,,True,,0,0,0,1,0,0,0,1,2,insufficient_information,insufficient_information,2,1,2,insufficient_information,insufficient_information,2,1,2,insufficient_information,insufficient_information,2,1,2,insufficient_information,insufficient_information,2,1,2,insufficient_information,insufficient_information,2,1,2,insufficient_information,insufficient_information,2,1,2,insufficient_information,insufficient_information,2,1,2,insufficient_information,insufficient_information,2,1
F075,original_style_short_f,eval_F075_f8b47ef9,insufficient_information,,insufficient_information,,True,,0,0,0,1,0,0,0,1,2,insufficient_information,insufficient_information,2,1,2,insufficient_information,insufficient_information,2,1,2,insufficient_information,insufficient_information,2,1,2,insufficient_information,insufficient_information,2,1,2,insufficient_information,insufficient_information,2,1,2,insufficient_information,insufficient_information,2,1,2,insufficient_information,insufficient_information,2,1,2,insufficient_information,insufficient_information,2,1
F076,original_style_short_f,eval_F076_88ec6c70,insufficient_information,,insufficient_information,,True,,0,0,0,1,0,0,0,1,2,insufficient_information,insufficient_information,2,1,2,insufficient_information,insufficient_information,2,1,2,insufficient_information,insufficient_information,2,1,2,insufficient_information,insufficient_information,2,1,2,insufficient_information,insufficient_information,2,1,2,insufficient_information,insufficient_information,2,1,2,insufficient_information,insufficient_information,2,1,2,insufficient_information,insufficient_information,2,1
F077,original_style_short_f,eval_F077_e9a788a3,insufficient_information,,manual_review,,False,,0,0,0,1,0,0,1,0,2,insufficient_information,insufficient_information,2,1,2,insufficient_information,insufficient_information,2,1,2,insufficient_information,insufficient_information,2,1,2,insufficient_information,insufficient_information,2,1,2,insufficient_information,insufficient_information,2,1,2,insufficient_information,insufficient_information,2,1,2,insufficient_information,manual_review,3,0,2,insufficient_information,manual_review,3,0
F078,original_style_short_f,eval_F078_4318df24,insufficient_information,,manual_review,,False,,0,0,0,1,0,0,1,0,2,insufficient_information,insufficient_information,2,1,2,insufficient_information,insufficient_information,2,1,2,insufficient_information,insufficient_information,2,1,2,insufficient_information,insufficient_information,2,1,2,insufficient_information,manual_review,3,0,2,insufficient_information,manual_review,3,0,2,insufficient_information,manual_review,3,0,2,insufficient_information,manual_review,3,0
F079,original_style_short_f,eval_F079_20bb64a4,insufficient_information,,insufficient_information,,True,,0,0,0,1,0,0,0,1,2,insufficient_information,insufficient_information,2,1,2,insufficient_information,insufficient_information,2,1,2,insufficient_information,insufficient_information,2,1,2,insufficient_information,insufficient_information,2,1,2,insufficient_information,insufficient_information,2,1,2,insufficient_information,insufficient_information,2,1,2,insufficient_information,insufficient_information,2,1,2,insufficient_information,insufficient_information,2,1
F080,original_style_short_f,eval_F080_4dbb5996,insufficient_information,,ineligible,0.0,False,,0,0,0,1,0,1,0,0,2,insufficient_information,insufficient_information,2,1,2,insufficient_information,ineligible,0,0,2,insufficient_information,ineligible,0,0,2,insufficient_information,ineligible,0,0,2,insufficient_information,ineligible,0,0,2,insufficient_information,ineligible,0,0,2,insufficient_information,ineligible,0,0,2,insufficient_information,ineligible,0,0
F081,original_style_short_f,eval_F081_d128df3b,insufficient_information,,manual_review,,False,,0,0,0,1,0,0,1,0,2,insufficient_information,insufficient_information,2,1,2,insufficient_information,insufficient_information,2,1,2,insufficient_information,insufficient_information,2,1,2,insufficient_information,insufficient_information,2,1,2,insufficient_information,insufficient_information,2,1,2,insufficient_information,insufficient_information,2,1,2,insufficient_information,insufficient_information,2,1,2,insufficient_information,manual_review,3,0
F082,original_style_short_f,eval_F082_44471d7c,insufficient_information,,manual_review,,False,,0,0,0,1,0,0,1,0,2,insufficient_information,insufficient_information,2,1,2,insufficient_information,insufficient_information,2,1,2,insufficient_information,insufficient_information,2,1,2,insufficient_information,insufficient_information,2,1,2,insufficient_information,insufficient_information,2,1,2,insufficient_information,insufficient_information,2,1,2,insufficient_information,insufficient_information,2,1,2,insufficient_information,manual_review,3,0
F083,original_style_short_f,eval_F083_44248283,insufficient_information,,insufficient_information,,True,,0,0,0,1,0,0,0,1,2,insufficient_information,insufficient_information,2,1,2,insufficient_information,insufficient_information,2,1,2,insufficient_information,insufficient_information,2,1,2,insufficient_information,insufficient_information,2,1,2,insufficient_information,insufficient_information,2,1,2,insufficient_information,insufficient_information,2,1,2,insufficient_information,insufficient_information,2,1,2,insufficient_information,insufficient_information,2,1
F084,original_style_short_f,eval_F084_5d66edd6,insufficient_information,,insufficient_information,,True,,0,0,0,1,0,0,0,1,2,insufficient_information,insufficient_information,2,1,2,insufficient_information,insufficient_information,2,1,2,insufficient_information,insufficient_information,2,1,2,insufficient_information,insufficient_information,2,1,2,insufficient_information,insufficient_information,2,1,2,insufficient_information,insufficient_information,2,1,2,insufficient_information,insufficient_information,2,1,2,insufficient_information,insufficient_information,2,1
F085,original_style_short_f,eval_F085_a4ec7455,insufficient_information,,insufficient_information,,True,,0,0,0,1,0,0,0,1,2,insufficient_information,insufficient_information,2,1,2,insufficient_information,insufficient_information,2,1,2,insufficient_information,insufficient_information,2,1,2,insufficient_information,insufficient_information,2,1,2,insufficient_information,insufficient_information,2,1,2,insufficient_information,insufficient_information,2,1,2,insufficient_information,insufficient_information,2,1,2,insufficient_information,insufficient_information,2,1
F086,original_style_short_f,eval_F086_03043cd8,insufficient_information,,insufficient_information,,True,,0,0,0,1,0,0,0,1,2,insufficient_information,insufficient_information,2,1,2,insufficient_information,insufficient_information,2,1,2,insufficient_information,insufficient_information,2,1,2,insufficient_information,insufficient_information,2,1,2,insufficient_information,insufficient_information,2,1,2,insufficient_information,insufficient_information,2,1,2,insufficient_information,insufficient_information,2,1,2,insufficient_information,insufficient_information,2,1
F087,original_style_short_f,eval_F087_a10620db,insufficient_information,,manual_review,,False,,0,0,0,1,0,0,1,0,2,insufficient_information,insufficient_information,2,1,2,insufficient_information,insufficient_information,2,1,2,insufficient_information,insufficient_information,2,1,2,insufficient_information,insufficient_information,2,1,2,insufficient_information,insufficient_information,2,1,2,insufficient_information,insufficient_information,2,1,2,insufficient_information,insufficient_information,2,1,2,insufficient_information,manual_review,3,0
F088,original_style_short_f,eval_F088_bc2cc134,insufficient_information,,insufficient_information,,True,,0,0,0,1,0,0,0,1,2,insufficient_information,insufficient_information,2,1,2,insufficient_information,insufficient_information,2,1,2,insufficient_information,insufficient_information,2,1,2,insufficient_information,insufficient_information,2,1,2,insufficient_information,insufficient_information,2,1,2,insufficient_information,insufficient_information,2,1,2,insufficient_information,insufficient_information,2,1,2,insufficient_information,insufficient_information,2,1
F089,original_style_short_f,eval_F089_76649588,insufficient_information,,manual_review,,False,,0,0,0,1,0,0,1,0,2,insufficient_information,insufficient_information,2,1,2,insufficient_information,insufficient_information,2,1,2,insufficient_information,insufficient_information,2,1,2,insufficient_information,insufficient_information,2,1,2,insufficient_information,insufficient_information,2,1,2,insufficient_information,insufficient_information,2,1,2,insufficient_information,manual_review,3,0,2,insufficient_information,manual_review,3,0
F090,original_style_short_f,eval_F090_14c58cd4,insufficient_information,,manual_review,,False,,0,0,0,1,0,0,1,0,2,insufficient_information,insufficient_information,2,1,2,insufficient_information,insufficient_information,2,1,2,insufficient_information,insufficient_information,2,1,2,insufficient_information,insufficient_information,2,1,2,insufficient_information,insufficient_information,2,1,2,insufficient_information,insufficient_information,2,1,2,insufficient_information,insufficient_information,2,1,2,insufficient_information,manual_review,3,0
F091,original_style_short_f,eval_F091_5796538d,manual_review,,manual_review,,True,,0,0,1,0,0,0,1,0,1,eligible,insufficient_information,2,0,1,eligible,insufficient_information,2,0,1,eligible,insufficient_information,2,0,1,eligible,insufficient_information,2,0,3,manual_review,manual_review,3,1,1,eligible,manual_review,3,0,1,eligible,manual_review,3,0,1,eligible,manual_review,3,0
F092,original_style_short_f,eval_F092_a4572699,manual_review,,manual_review,,True,,0,0,1,0,0,0,1,0,1,eligible,insufficient_information,2,0,1,eligible,insufficient_information,2,0,1,eligible,insufficient_information,2,0,1,eligible,insufficient_information,2,0,3,manual_review,insufficient_information,2,0,1,eligible,manual_review,3,0,1,eligible,manual_review,3,0,1,eligible,manual_review,3,0
F093,original_style_short_f,eval_F093_20078a00,manual_review,,insufficient_information,,False,,0,0,1,0,0,0,0,1,1,eligible,insufficient_information,2,0,1,eligible,insufficient_information,2,0,1,eligible,insufficient_information,2,0,1,eligible,insufficient_information,2,0,3,manual_review,insufficient_information,2,0,1,eligible,insufficient_information,2,0,1,eligible,insufficient_information,2,0,1,eligible,insufficient_information,2,0
F094,original_style_short_f,eval_F094_37dd06dd,manual_review,,manual_review,,True,,0,0,1,0,0,0,1,0,1,eligible,insufficient_information,2,0,1,eligible,insufficient_information,2,0,1,eligible,insufficient_information,2,0,1,eligible,insufficient_information,2,0,3,manual_review,manual_review,3,1,1,eligible,manual_review,3,0,1,eligible,manual_review,3,0,1,eligible,manual_review,3,0
F095,original_style_short_f,eval_F095_1f1f9655,manual_review,,manual_review,,True,,0,0,1,0,0,0,1,0,1,eligible,insufficient_information,2,0,1,eligible,insufficient_information,2,0,1,eligible,insufficient_information,2,0,1,eligible,insufficient_information,2,0,1,eligible,eligible,1,1,3,manual_review,manual_review,3,1,1,eligible,manual_review,3,0,1,eligible,manual_review,3,0
F096,original_style_short_f,eval_F096_85793a5b,manual_review,,insufficient_information,,False,,0,0,1,0,0,0,0,1,1,eligible,insufficient_information,2,0,1,eligible,insufficient_information,2,0,1,eligible,insufficient_information,2,0,1,eligible,insufficient_information,2,0,1,eligible,insufficient_information,2,0,3,manual_review,insufficient_information,2,0,1,eligible,insufficient_information,2,0,1,eligible,insufficient_information,2,0
F097,original_style_short_f,eval_F097_92b5dcf7,manual_review,,manual_review,,True,,0,0,1,0,0,0,1,0,1,eligible,insufficient_information,2,0,1,eligible,insufficient_information,2,0,1,eligible,insufficient_information,2,0,1,eligible,insufficient_information,2,0,1,eligible,insufficient_information,2,0,3,manual_review,insufficient_information,2,0,1,eligible,insufficient_information,2,0,1,eligible,manual_review,3,0
F098,original_style_short_f,eval_F098_179b5cfa,manual_review,,insufficient_information,,False,,0,0,1,0,0,0,0,1,1,eligible,insufficient_information,2,0,1,eligible,insufficient_information,2,0,1,eligible,insufficient_information,2,0,1,eligible,insufficient_information,2,0,1,eligible,eligible,1,1,1,eligible,eligible,1,1,3,manual_review,eligible,1,0,1,eligible,insufficient_information,2,0
F099,original_style_short_f,eval_F099_eadd2422,manual_review,,manual_review,,True,,0,0,1,0,0,0,1,0,1,eligible,insufficient_information,2,0,1,eligible,insufficient_information,2,0,1,eligible,insufficient_information,2,0,1,eligible,insufficient_information,2,0,1,eligible,insufficient_information,2,0,1,eligible,eligible,1,1,3,manual_review,insufficient_information,2,0,1,eligible,manual_review,3,0
F100,original_style_short_f,eval_F100_1a7b3fff,manual_review,,manual_review,,True,,0,0,1,0,0,0,1,0,1,eligible,insufficient_information,2,0,1,eligible,insufficient_information,2,0,1,eligible,insufficient_information,2,0,1,eligible,manual_review,3,0,1,eligible,manual_review,3,0,1,eligible,manual_review,3,0,3,manual_review,manual_review,3,1,1,eligible,manual_review,3,0
F101,original_style_short_f,eval_F101_9c3e6727,manual_review,,eligible,1.0,False,,0,0,1,0,1,0,0,0,1,eligible,insufficient_information,2,0,1,eligible,insufficient_information,2,0,1,eligible,insufficient_information,2,0,1,eligible,insufficient_information,2,0,1,eligible,insufficient_information,2,0,3,manual_review,insufficient_information,2,0,1,eligible,insufficient_information,2,0,1,eligible,eligible,1,1
F102,original_style_short_f,eval_F102_791f4267,manual_review,,insufficient_information,,False,,0,0,1,0,0,0,0,1,1,eligible,insufficient_information,2,0,1,eligible,insufficient_information,2,0,1,eligible,insufficient_information,2,0,1,eligible,insufficient_information,2,0,1,eligible,insufficient_information,2,0,1,eligible,eligible,1,1,3,manual_review,eligible,1,0,1,eligible,insufficient_information,2,0
F103,original_style_short_f,eval_F103_357ed7db,manual_review,,ineligible,0.0,False,,0,0,1,0,0,1,0,0,1,eligible,insufficient_information,2,0,1,eligible,insufficient_information,2,0,1,eligible,insufficient_information,2,0,1,eligible,insufficient_information,2,0,3,manual_review,insufficient_information,2,0,1,eligible,insufficient_information,2,0,1,eligible,insufficient_information,2,0,1,eligible,ineligible,0,0
F104,original_style_short_f,eval_F104_c9591fc3,manual_review,,ineligible,0.0,False,,0,0,1,0,0,1,0,0,1,eligible,ineligible,0,0,1,eligible,ineligible,0,0,1,eligible,ineligible,0,0,3,manual_review,ineligible,0,0,1,eligible,ineligible,0,0,1,eligible,ineligible,0,0,1,eligible,ineligible,0,0,1,eligible,ineligible,0,0
F105,original_style_short_f,eval_F105_a8802d1e,manual_review,,insufficient_information,,False,,0,0,1,0,0,0,0,1,1,eligible,insufficient_information,2,0,1,eligible,insufficient_information,2,0,1,eligible,insufficient_information,2,0,3,manual_review,insufficient_information,2,0,1,eligible,insufficient_information,2,0,1,eligible,insufficient_information,2,0,1,eligible,insufficient_information,2,0,1,eligible,insufficient_information,2,0
F106,original_style_short_f,eval_F106_5a5b2a92,manual_review,,insufficient_information,,False,,0,0,1,0,0,0,0,1,1,eligible,insufficient_information,2,0,1,eligible,insufficient_information,2,0,1,eligible,insufficient_information,2,0,1,eligible,insufficient_information,2,0,1,eligible,eligible,1,1,1,eligible,eligible,1,1,3,manual_review,eligible,1,0,1,eligible,insufficient_information,2,0
F107,original_style_short_f,eval_F107_d58daaf8,manual_review,,insufficient_information,,False,,0,0,1,0,0,0,0,1,1,eligible,insufficient_information,2,0,1,eligible,insufficient_information,2,0,1,eligible,insufficient_information,2,0,1,eligible,insufficient_information,2,0,1,eligible,insufficient_information,2,0,1,eligible,eligible,1,1,1,eligible,insufficient_information,2,0,3,manual_review,insufficient_information,2,0
F108,original_style_short_f,eval_F108_9bfac76b,manual_review,,ineligible,0.0,False,,0,0,1,0,0,1,0,0,1,eligible,ineligible,0,0,1,eligible,ineligible,0,0,1,eligible,ineligible,0,0,1,eligible,ineligible,0,0,1,eligible,ineligible,0,0,3,manual_review,ineligible,0,0,1,eligible,ineligible,0,0,1,eligible,ineligible,0,0
F109,original_style_short_f,eval_F109_c7e6e5fe,manual_review,,insufficient_information,,False,,0,0,1,0,0,0,0,1,1,eligible,insufficient_information,2,0,1,eligible,insufficient_information,2,0,1,eligible,insufficient_information,2,0,1,eligible,insufficient_information,2,0,1,eligible,eligible,1,1,1,eligible,insufficient_information,2,0,3,manual_review,insufficient_information,2,0,1,eligible,insufficient_information,2,0
F110,original_style_short_f,eval_F110_a26ee540,manual_review,,manual_review,,True,,0,0,1,0,0,0,1,0,1,eligible,insufficient_information,2,0,1,eligible,insufficient_information,2,0,1,eligible,insufficient_information,2,0,1,eligible,insufficient_information,2,0,3,manual_review,insufficient_information,2,0,1,eligible,manual_review,3,0,1,eligible,manual_review,3,0,1,eligible,manual_review,3,0
F111,original_style_short_f,eval_F111_14fc4ad9,manual_review,,manual_review,,True,,0,0,1,0,0,0,1,0,1,eligible,insufficient_information,2,0,1,eligible,insufficient_information,2,0,1,eligible,manual_review,3,0,1,eligible,manual_review,3,0,3,manual_review,manual_review,3,1,1,eligible,manual_review,3,0,1,eligible,manual_review,3,0,1,eligible,manual_review,3,0
F112,original_style_short_f,eval_F112_2641ecd9,manual_review,,eligible,1.0,False,,0,0,1,0,1,0,0,0,1,eligible,insufficient_information,2,0,1,eligible,insufficient_information,2,0,1,eligible,insufficient_information,2,0,1,eligible,insufficient_information,2,0,1,eligible,insufficient_information,2,0,3,manual_review,insufficient_information,2,0,1,eligible,insufficient_information,2,0,1,eligible,eligible,1,1
F113,original_style_short_f,eval_F113_0a488f23,manual_review,,manual_review,,True,,0,0,1,0,0,0,1,0,1,eligible,insufficient_information,2,0,1,eligible,insufficient_information,2,0,1,eligible,insufficient_information,2,0,1,eligible,insufficient_information,2,0,1,eligible,insufficient_information,2,0,1,eligible,insufficient_information,2,0,3,manual_review,insufficient_information,2,0,1,eligible,manual_review,3,0
F114,original_style_short_f,eval_F114_dd1e37eb,manual_review,,insufficient_information,,False,,0,0,1,0,0,0,0,1,1,eligible,insufficient_information,2,0,1,eligible,insufficient_information,2,0,1,eligible,insufficient_information,2,0,1,eligible,insufficient_information,2,0,1,eligible,insufficient_information,2,0,3,manual_review,insufficient_information,2,0,1,eligible,insufficient_information,2,0,1,eligible,insufficient_information,2,0
F115,original_style_short_f,eval_F115_efa10a7c,manual_review,,ineligible,0.0,False,,0,0,1,0,0,1,0,0,1,eligible,ineligible,0,0,1,eligible,ineligible,0,0,1,eligible,ineligible,0,0,1,eligible,ineligible,0,0,1,eligible,ineligible,0,0,1,eligible,ineligible,0,0,1,eligible,ineligible,0,0,3,manual_review,ineligible,0,0
F116,original_style_short_f,eval_F116_33cb52c1,manual_review,,ineligible,0.0,False,,0,0,1,0,0,1,0,0,1,eligible,ineligible,0,0,1,eligible,ineligible,0,0,1,eligible,ineligible,0,0,1,eligible,ineligible,0,0,3,manual_review,ineligible,0,0,1,eligible,ineligible,0,0,1,eligible,ineligible,0,0,1,eligible,ineligible,0,0
F117,original_style_short_f,eval_F117_2ea10184,manual_review,,eligible,1.0,False,,0,0,1,0,1,0,0,0,1,eligible,insufficient_information,2,0,1,eligible,insufficient_information,2,0,1,eligible,insufficient_information,2,0,3,manual_review,insufficient_information,2,0,1,eligible,insufficient_information,2,0,1,eligible,insufficient_information,2,0,1,eligible,insufficient_information,2,0,1,eligible,eligible,1,1
F118,original_style_short_f,eval_F118_79a838fb,manual_review,,eligible,1.0,False,,0,0,1,0,1,0,0,0,1,eligible,insufficient_information,2,0,1,eligible,insufficient_information,2,0,1,eligible,insufficient_information,2,0,1,eligible,insufficient_information,2,0,1,eligible,insufficient_information,2,0,1,eligible,eligible,1,1,1,eligible,insufficient_information,2,0,3,manual_review,eligible,1,0
F119,original_style_short_f,eval_F119_4d7eedb8,manual_review,,insufficient_information,,False,,0,0,1,0,0,0,0,1,1,eligible,insufficient_information,2,0,1,eligible,insufficient_information,2,0,1,eligible,insufficient_information,2,0,1,eligible,insufficient_information,2,0,3,manual_review,insufficient_information,2,0,1,eligible,insufficient_information,2,0,1,eligible,insufficient_information,2,0,1,eligible,insufficient_information,2,0
F120,original_style_short_f,eval_F120_ae98484f,manual_review,,eligible,1.0,False,,0,0,1,0,1,0,0,0,1,eligible,insufficient_information,2,0,1,eligible,insufficient_information,2,0,1,eligible,insufficient_information,2,0,1,eligible,insufficient_information,2,0,1,eligible,eligible,1,1,1,eligible,eligible,1,1,3,manual_review,insufficient_information,2,0,1,eligible,eligible,1,1
